gregorian,hijri
7/1/2024,24 ذو الحجة 1445
7/2/2024,25 ذو الحجة 1445
7/3/2024,26 ذو الحجة 1445
7/4/2024,27 ذو الحجة 1445
7/5/2024,28 ذو الحجة 1445
7/6/2024,29 ذو الحجة 1445
7/7/2024,1 محرم 1446
7/8/2024,2 محرم 1446
7/9/2024,3 محرم 1446
7/10/2024,4 محرم 1446
7/11/2024,5 محرم 1446
7/12/2024,6 محرم 1446
7/13/2024,7 محرم 1446
7/14/2024,8 محرم 1446
7/15/2024,9 محرم 1446
7/16/2024,10 محرم 1446
7/17/2024,11 محرم 1446
7/18/2024,12 محرم 1446
7/19/2024,13 محرم 1446
7/20/2024,14 محرم 1446
7/21/2024,15 محرم 1446
7/22/2024,16 محرم 1446
7/23/2024,17 محرم 1446
7/24/2024,18 محرم 1446
7/25/2024,19 محرم 1446
7/26/2024,20 محرم 1446
7/27/2024,21 محرم 1446
7/28/2024,22 محرم 1446
7/29/2024,23 محرم 1446
7/30/2024,24 محرم 1446
7/31/2024,25 محرم 1446
8/1/2024,26 محرم 1446
8/2/2024,27 محرم 1446
8/3/2024,28 محرم 1446
8/4/2024,29 محرم 1446
8/5/2024,30 محرم 1446
8/6/2024,1 صفر 1446
8/7/2024,2 صفر 1446
8/8/2024,3 صفر 1446
8/9/2024,4 صفر 1446
8/10/2024,5 صفر 1446
8/11/2024,6 صفر 1446
8/12/2024,7 صفر 1446
8/13/2024,8 صفر 1446
8/14/2024,9 صفر 1446
8/15/2024,10 صفر 1446
8/16/2024,11 صفر 1446
8/17/2024,12 صفر 1446
8/18/2024,13 صفر 1446
8/19/2024,14 صفر 1446
8/20/2024,15 صفر 1446
8/21/2024,16 صفر 1446
8/22/2024,17 صفر 1446
8/23/2024,18 صفر 1446
8/24/2024,19 صفر 1446
8/25/2024,20 صفر 1446
8/26/2024,21 صفر 1446
8/27/2024,22 صفر 1446
8/28/2024,23 صفر 1446
8/29/2024,24 صفر 1446
8/30/2024,25 صفر 1446
8/31/2024,26 صفر 1446
9/1/2024,27 صفر 1446
9/2/2024,28 صفر 1446
9/3/2024,29 صفر 1446
9/4/2024,1 ربيع الأول 1446
9/5/2024,2 ربيع الأول 1446
9/6/2024,3 ربيع الأول 1446
9/7/2024,4 ربيع الأول 1446
9/8/2024,5 ربيع الأول 1446
9/9/2024,6 ربيع الأول 1446
9/10/2024,7 ربيع الأول 1446
9/11/2024,8 ربيع الأول 1446
9/12/2024,9 ربيع الأول 1446
9/13/2024,10 ربيع الأول 1446
9/14/2024,11 ربيع الأول 1446
9/15/2024,12 ربيع الأول 1446
9/16/2024,13 ربيع الأول 1446
9/17/2024,14 ربيع الأول 1446
9/18/2024,15 ربيع الأول 1446
9/19/2024,16 ربيع الأول 1446
9/20/2024,17 ربيع الأول 1446
9/21/2024,18 ربيع الأول 1446
9/22/2024,19 ربيع الأول 1446
9/23/2024,20 ربيع الأول 1446
9/24/2024,21 ربيع الأول 1446
9/25/2024,22 ربيع الأول 1446
9/26/2024,23 ربيع الأول 1446
9/27/2024,24 ربيع الأول 1446
9/28/2024,25 ربيع الأول 1446
9/29/2024,26 ربيع الأول 1446
9/30/2024,27 ربيع الأول 1446
10/1/2024,28 ربيع الأول 1446
10/2/2024,29 ربيع الأول 1446
10/3/2024,30 ربيع الأول 1446
10/4/2024,1 ربيع الآخر 1446
10/5/2024,2 ربيع الآخر 1446
10/6/2024,3 ربيع الآخر 1446
10/7/2024,4 ربيع الآخر 1446
10/8/2024,5 ربيع الآخر 1446
10/9/2024,6 ربيع الآخر 1446
10/10/2024,7 ربيع الآخر 1446
10/11/2024,8 ربيع الآخر 1446
10/12/2024,9 ربيع الآخر 1446
10/13/2024,10 ربيع الآخر 1446
10/14/2024,11 ربيع الآخر 1446
10/15/2024,12 ربيع الآخر 1446
10/16/2024,13 ربيع الآخر 1446
10/17/2024,14 ربيع الآخر 1446
10/18/2024,15 ربيع الآخر 1446
10/19/2024,16 ربيع الآخر 1446
10/20/2024,17 ربيع الآخر 1446
10/21/2024,18 ربيع الآخر 1446
10/22/2024,19 ربيع الآخر 1446
10/23/2024,20 ربيع الآخر 1446
10/24/2024,21 ربيع الآخر 1446
10/25/2024,22 ربيع الآخر 1446
10/26/2024,23 ربيع الآخر 1446
10/27/2024,24 ربيع الآخر 1446
10/28/2024,25 ربيع الآخر 1446
10/29/2024,26 ربيع الآخر 1446
10/30/2024,27 ربيع الآخر 1446
10/31/2024,28 ربيع الآخر 1446
11/1/2024,29 ربيع الآخر 1446
11/2/2024,30 ربيع الآخر 1446
11/3/2024,1 جمادى الأولى 1446
11/4/2024,2 جمادى الأولى 1446
11/5/2024,3 جمادى الأولى 1446
11/6/2024,4 جمادى الأولى 1446
11/7/2024,5 جمادى الأولى 1446
11/8/2024,6 جمادى الأولى 1446
11/9/2024,7 جمادى الأولى 1446
11/10/2024,8 جمادى الأولى 1446
11/11/2024,9 جمادى الأولى 1446
11/12/2024,10 جمادى الأولى 1446
11/13/2024,11 جمادى الأولى 1446
11/14/2024,12 جمادى الأولى 1446
11/15/2024,13 جمادى الأولى 1446
11/16/2024,14 جمادى الأولى 1446
11/17/2024,15 جمادى الأولى 1446
11/18/2024,16 جمادى الأولى 1446
11/19/2024,17 جمادى الأولى 1446
11/20/2024,18 جمادى الأولى 1446
11/21/2024,19 جمادى الأولى 1446
11/22/2024,20 جمادى الأولى 1446
11/23/2024,21 جمادى الأولى 1446
11/24/2024,22 جمادى الأولى 1446
11/25/2024,23 جمادى الأولى 1446
11/26/2024,24 جمادى الأولى 1446
11/27/2024,25 جمادى الأولى 1446
11/28/2024,26 جمادى الأولى 1446
11/29/2024,27 جمادى الأولى 1446
11/30/2024,28 جمادى الأولى 1446
12/1/2024,29 جمادى الأولى 1446
12/2/2024,1 جمادى الآخرة 1446
12/3/2024,2 جمادى الآخرة 1446
12/4/2024,3 جمادى الآخرة 1446
12/5/2024,4 جمادى الآخرة 1446
12/6/2024,5 جمادى الآخرة 1446
12/7/2024,6 جمادى الآخرة 1446
12/8/2024,7 جمادى الآخرة 1446
12/9/2024,8 جمادى الآخرة 1446
12/10/2024,9 جمادى الآخرة 1446
12/11/2024,10 جمادى الآخرة 1446
12/12/2024,11 جمادى الآخرة 1446
12/13/2024,12 جمادى الآخرة 1446
12/14/2024,13 جمادى الآخرة 1446
12/15/2024,14 جمادى الآخرة 1446
12/16/2024,15 جمادى الآخرة 1446
12/17/2024,16 جمادى الآخرة 1446
12/18/2024,17 جمادى الآخرة 1446
12/19/2024,18 جمادى الآخرة 1446
12/20/2024,19 جمادى الآخرة 1446
12/21/2024,20 جمادى الآخرة 1446
12/22/2024,21 جمادى الآخرة 1446
12/23/2024,22 جمادى الآخرة 1446
12/24/2024,23 جمادى الآخرة 1446
12/25/2024,24 جمادى الآخرة 1446
12/26/2024,25 جمادى الآخرة 1446
12/27/2024,26 جمادى الآخرة 1446
12/28/2024,27 جمادى الآخرة 1446
12/29/2024,28 جمادى الآخرة 1446
12/30/2024,29 جمادى الآخرة 1446
12/31/2024,30 جمادى الآخرة 1446
1/1/2025,1 رجب 1446
1/2/2025,2 رجب 1446
1/3/2025,3 رجب 1446
1/4/2025,4 رجب 1446
1/5/2025,5 رجب 1446
1/6/2025,6 رجب 1446
1/7/2025,7 رجب 1446
1/8/2025,8 رجب 1446
1/9/2025,9 رجب 1446
1/10/2025,10 رجب 1446
1/11/2025,11 رجب 1446
1/12/2025,12 رجب 1446
1/13/2025,13 رجب 1446
1/14/2025,14 رجب 1446
1/15/2025,15 رجب 1446
1/16/2025,16 رجب 1446
1/17/2025,17 رجب 1446
1/18/2025,18 رجب 1446
1/19/2025,19 رجب 1446
1/20/2025,20 رجب 1446
1/21/2025,21 رجب 1446
1/22/2025,22 رجب 1446
1/23/2025,23 رجب 1446
1/24/2025,24 رجب 1446
1/25/2025,25 رجب 1446
1/26/2025,26 رجب 1446
1/27/2025,27 رجب 1446
1/28/2025,28 رجب 1446
1/29/2025,29 رجب 1446
1/30/2025,30 رجب 1446
1/31/2025,1 شعبان 1446
2/1/2025,2 شعبان 1446
2/2/2025,3 شعبان 1446
2/3/2025,4 شعبان 1446
2/4/2025,5 شعبان 1446
2/5/2025,6 شعبان 1446
2/6/2025,7 شعبان 1446
2/7/2025,8 شعبان 1446
2/8/2025,9 شعبان 1446
2/9/2025,10 شعبان 1446
2/10/2025,11 شعبان 1446
2/11/2025,12 شعبان 1446
2/12/2025,13 شعبان 1446
2/13/2025,14 شعبان 1446
2/14/2025,15 شعبان 1446
2/15/2025,16 شعبان 1446
2/16/2025,17 شعبان 1446
2/17/2025,18 شعبان 1446
2/18/2025,19 شعبان 1446
2/19/2025,20 شعبان 1446
2/20/2025,21 شعبان 1446
2/21/2025,22 شعبان 1446
2/22/2025,23 شعبان 1446
2/23/2025,24 شعبان 1446
2/24/2025,25 شعبان 1446
2/25/2025,26 شعبان 1446
2/26/2025,27 شعبان 1446
2/27/2025,28 شعبان 1446
2/28/2025,29 شعبان 1446
3/1/2025,1 رمضان 1446
3/2/2025,2 رمضان 1446
3/3/2025,3 رمضان 1446
3/4/2025,4 رمضان 1446
3/5/2025,5 رمضان 1446
3/6/2025,6 رمضان 1446
3/7/2025,7 رمضان 1446
3/8/2025,8 رمضان 1446
3/9/2025,9 رمضان 1446
3/10/2025,10 رمضان 1446
3/11/2025,11 رمضان 1446
3/12/2025,12 رمضان 1446
3/13/2025,13 رمضان 1446
3/14/2025,14 رمضان 1446
3/15/2025,15 رمضان 1446
3/16/2025,16 رمضان 1446
3/17/2025,17 رمضان 1446
3/18/2025,18 رمضان 1446
3/19/2025,19 رمضان 1446
3/20/2025,20 رمضان 1446
3/21/2025,21 رمضان 1446
3/22/2025,22 رمضان 1446
3/23/2025,23 رمضان 1446
3/24/2025,24 رمضان 1446
3/25/2025,25 رمضان 1446
3/26/2025,26 رمضان 1446
3/27/2025,27 رمضان 1446
3/28/2025,28 رمضان 1446
3/29/2025,29 رمضان 1446
3/30/2025,30 رمضان 1446
3/31/2025,1 شوال 1446
4/1/2025,2 شوال 1446
4/2/2025,3 شوال 1446
4/3/2025,4 شوال 1446
4/4/2025,5 شوال 1446
4/5/2025,6 شوال 1446
4/6/2025,7 شوال 1446
4/7/2025,8 شوال 1446
4/8/2025,9 شوال 1446
4/9/2025,10 شوال 1446
4/10/2025,11 شوال 1446
4/11/2025,12 شوال 1446
4/12/2025,13 شوال 1446
4/13/2025,14 شوال 1446
4/14/2025,15 شوال 1446
4/15/2025,16 شوال 1446
4/16/2025,17 شوال 1446
4/17/2025,18 شوال 1446
4/18/2025,19 شوال 1446
4/19/2025,20 شوال 1446
4/20/2025,21 شوال 1446
4/21/2025,22 شوال 1446
4/22/2025,23 شوال 1446
4/23/2025,24 شوال 1446
4/24/2025,25 شوال 1446
4/25/2025,26 شوال 1446
4/26/2025,27 شوال 1446
4/27/2025,28 شوال 1446
4/28/2025,29 شوال 1446
4/29/2025,1 ذو القعدة 1446
4/30/2025,2 ذو القعدة 1446
5/1/2025,3 ذو القعدة 1446
5/2/2025,4 ذو القعدة 1446
5/3/2025,5 ذو القعدة 1446
5/4/2025,6 ذو القعدة 1446
5/5/2025,7 ذو القعدة 1446
5/6/2025,8 ذو القعدة 1446
5/7/2025,9 ذو القعدة 1446
5/8/2025,10 ذو القعدة 1446
5/9/2025,11 ذو القعدة 1446
5/10/2025,12 ذو القعدة 1446
5/11/2025,13 ذو القعدة 1446
5/12/2025,14 ذو القعدة 1446
5/13/2025,15 ذو القعدة 1446
5/14/2025,16 ذو القعدة 1446
5/15/2025,17 ذو القعدة 1446
5/16/2025,18 ذو القعدة 1446
5/17/2025,19 ذو القعدة 1446
5/18/2025,20 ذو القعدة 1446
5/19/2025,21 ذو القعدة 1446
5/20/2025,22 ذو القعدة 1446
5/21/2025,23 ذو القعدة 1446
5/22/2025,24 ذو القعدة 1446
5/23/2025,25 ذو القعدة 1446
5/24/2025,26 ذو القعدة 1446
5/25/2025,27 ذو القعدة 1446
5/26/2025,28 ذو القعدة 1446
5/27/2025,29 ذو القعدة 1446
5/28/2025,1 ذو الحجة 1446
5/29/2025,2 ذو الحجة 1446
5/30/2025,3 ذو الحجة 1446
5/31/2025,4 ذو الحجة 1446
6/1/2025,5 ذو الحجة 1446
6/2/2025,6 ذو الحجة 1446
6/3/2025,7 ذو الحجة 1446
6/4/2025,8 ذو الحجة 1446
6/5/2025,9 ذو الحجة 1446
6/6/2025,10 ذو الحجة 1446
6/7/2025,11 ذو الحجة 1446
6/8/2025,12 ذو الحجة 1446
6/9/2025,13 ذو الحجة 1446
6/10/2025,14 ذو الحجة 1446
6/11/2025,15 ذو الحجة 1446
6/12/2025,16 ذو الحجة 1446
6/13/2025,17 ذو الحجة 1446
6/14/2025,18 ذو الحجة 1446
6/15/2025,19 ذو الحجة 1446
6/16/2025,20 ذو الحجة 1446
6/17/2025,21 ذو الحجة 1446
6/18/2025,22 ذو الحجة 1446
6/19/2025,23 ذو الحجة 1446
